Sequence,Potential_V,Current_A
0,-0.2,-6.868e-05
1,-0.199,-6.792e-05
2,-0.198,-6.726e-05
3,-0.197,-6.669e-05
4,-0.196,-6.625e-05
5,-0.195,-6.587e-05
6,-0.194,-6.553e-05
7,-0.193,-6.518e-05
8,-0.192,-6.485e-05
9,-0.191,-6.452e-05
10,-0.19,-6.419e-05
11,-0.189,-6.385e-05
12,-0.188,-6.353e-05
13,-0.187,-6.321e-05
14,-0.186,-6.292e-05
15,-0.185,-6.263e-05
16,-0.184,-6.235e-05
17,-0.183,-6.206e-05
18,-0.182,-6.177e-05
19,-0.181,-6.149e-05
20,-0.18,-6.121e-05
21,-0.179,-6.094e-05
22,-0.178,-6.067e-05
23,-0.177,-6.042e-05
24,-0.176,-6.018e-05
25,-0.175,-5.994e-05
26,-0.174,-5.97e-05
27,-0.173,-5.945e-05
28,-0.172,-5.92e-05
29,-0.171,-5.895e-05
30,-0.17,-5.87e-05
31,-0.169,-5.846e-05
32,-0.168,-5.823e-05
33,-0.167,-5.8e-05
34,-0.166,-5.778e-05
35,-0.165,-5.757e-05
36,-0.164,-5.737e-05
37,-0.163,-5.715e-05
38,-0.162,-5.693e-05
39,-0.161,-5.671e-05
40,-0.16,-5.65e-05
41,-0.159,-5.629e-05
42,-0.158,-5.609e-05
43,-0.157,-5.588e-05
44,-0.156,-5.567e-05
45,-0.155,-5.547e-05
46,-0.154,-5.528e-05
47,-0.153,-5.51e-05
48,-0.152,-5.49e-05
49,-0.151,-5.47e-05
50,-0.15,-5.45e-05
51,-0.149,-5.43e-05
52,-0.148,-5.411e-05
53,-0.147,-5.392e-05
54,-0.146,-5.375e-05
55,-0.145,-5.356e-05
56,-0.144,-5.337e-05
57,-0.143,-5.319e-05
58,-0.142,-5.301e-05
59,-0.141,-5.283e-05
60,-0.14,-5.267e-05
61,-0.139,-5.25e-05
62,-0.138,-5.233e-05
63,-0.137,-5.214e-05
64,-0.136,-5.196e-05
65,-0.135,-5.179e-05
66,-0.134,-5.162e-05
67,-0.133,-5.146e-05
68,-0.132,-5.13e-05
69,-0.131,-5.114e-05
70,-0.13,-5.097e-05
71,-0.129,-5.08e-05
72,-0.128,-5.064e-05
73,-0.127,-5.049e-05
74,-0.126,-5.035e-05
75,-0.125,-5.021e-05
76,-0.124,-5.006e-05
77,-0.123,-4.99e-05
78,-0.122,-4.973e-05
79,-0.121,-4.956e-05
80,-0.12,-4.94e-05
81,-0.119,-4.924e-05
82,-0.118,-4.91e-05
83,-0.117,-4.895e-05
84,-0.116,-4.881e-05
85,-0.115,-4.866e-05
86,-0.114,-4.85e-05
87,-0.113,-4.835e-05
88,-0.112,-4.821e-05
89,-0.111,-4.807e-05
90,-0.11,-4.794e-05
91,-0.109,-4.781e-05
92,-0.108,-4.768e-05
93,-0.107,-4.754e-05
94,-0.106,-4.74e-05
95,-0.105,-4.726e-05
96,-0.104,-4.712e-05
97,-0.103,-4.699e-05
98,-0.102,-4.687e-05
99,-0.101,-4.675e-05
100,-0.1,-4.662e-05
101,-0.099,-4.649e-05
102,-0.098,-4.635e-05
103,-0.097,-4.621e-05
104,-0.096,-4.606e-05
105,-0.095,-4.592e-05
106,-0.094,-4.578e-05
107,-0.093,-4.566e-05
108,-0.092,-4.554e-05
109,-0.091,-4.543e-05
110,-0.09,-4.532e-05
111,-0.089,-4.52e-05
112,-0.088,-4.508e-05
113,-0.087,-4.494e-05
114,-0.086,-4.479e-05
115,-0.085,-4.465e-05
116,-0.084,-4.451e-05
117,-0.083,-4.439e-05
118,-0.082,-4.427e-05
119,-0.081,-4.415e-05
120,-0.08,-4.404e-05
121,-0.079,-4.392e-05
122,-0.078,-4.38e-05
123,-0.077,-4.368e-05
124,-0.076,-4.356e-05
125,-0.075,-4.343e-05
126,-0.074,-4.332e-05
127,-0.073,-4.321e-05
128,-0.072,-4.31e-05
129,-0.071,-4.299e-05
130,-0.07,-4.289e-05
131,-0.069,-4.278e-05
132,-0.068,-4.266e-05
133,-0.067,-4.254e-05
134,-0.066,-4.242e-05
135,-0.065,-4.229e-05
136,-0.064,-4.218e-05
137,-0.063,-4.207e-05
138,-0.062,-4.196e-05
139,-0.061,-4.186e-05
140,-0.06,-4.175e-05
141,-0.059,-4.165e-05
142,-0.058,-4.154e-05
143,-0.057,-4.142e-05
144,-0.056,-4.131e-05
145,-0.055,-4.119e-05
146,-0.054,-4.108e-05
147,-0.053,-4.097e-05
148,-0.052,-4.087e-05
149,-0.051,-4.077e-05
150,-0.05,-4.067e-05
151,-0.049,-4.057e-05
152,-0.048,-4.048e-05
153,-0.047,-4.039e-05
154,-0.046,-4.029e-05
155,-0.045,-4.018e-05
156,-0.044,-4.006e-05
157,-0.043,-3.994e-05
158,-0.042,-3.982e-05
159,-0.041,-3.97e-05
160,-0.04,-3.959e-05
161,-0.039,-3.949e-05
162,-0.038,-3.939e-05
163,-0.037,-3.93e-05
164,-0.036,-3.92e-05
165,-0.035,-3.91e-05
166,-0.034,-3.899e-05
167,-0.033,-3.889e-05
168,-0.032,-3.878e-05
169,-0.031,-3.868e-05
170,-0.03,-3.858e-05
171,-0.029,-3.849e-05
172,-0.028,-3.84e-05
173,-0.027,-3.831e-05
174,-0.026,-3.823e-05
175,-0.025,-3.815e-05
176,-0.024,-3.807e-05
177,-0.023,-3.798e-05
178,-0.022,-3.789e-05
179,-0.021,-3.779e-05
180,-0.02,-3.769e-05
181,-0.019,-3.758e-05
182,-0.018,-3.748e-05
183,-0.017,-3.737e-05
184,-0.016,-3.727e-05
185,-0.015,-3.716e-05
186,-0.014,-3.706e-05
187,-0.013,-3.696e-05
188,-0.012,-3.687e-05
189,-0.011,-3.677e-05
190,-0.01,-3.667e-05
191,-0.009,-3.657e-05
192,-0.008,-3.646e-05
193,-0.007,-3.636e-05
194,-0.006,-3.625e-05
195,-0.005,-3.615e-05
196,-0.004,-3.605e-05
197,-0.003,-3.596e-05
198,-0.002,-3.587e-05
199,-0.001,-3.578e-05
200,0.0,-3.569e-05
201,0.001,-3.56e-05
202,0.002,-3.551e-05
203,0.003,-3.541e-05
204,0.004,-3.53e-05
205,0.005,-3.519e-05
206,0.006,-3.507e-05
207,0.007,-3.494e-05
208,0.008,-3.483e-05
209,0.009,-3.472e-05
210,0.01,-3.461e-05
211,0.011,-3.452e-05
212,0.012,-3.442e-05
213,0.013,-3.432e-05
214,0.014,-3.421e-05
215,0.015,-3.411e-05
216,0.016,-3.4e-05
217,0.017,-3.389e-05
218,0.018,-3.378e-05
219,0.019,-3.367e-05
220,0.02,-3.357e-05
221,0.021,-3.347e-05
222,0.022,-3.337e-05
223,0.023,-3.328e-05
224,0.024,-3.318e-05
225,0.025,-3.307e-05
226,0.026,-3.296e-05
227,0.027,-3.284e-05
228,0.028,-3.271e-05
229,0.029,-3.259e-05
230,0.03,-3.247e-05
231,0.031,-3.235e-05
232,0.032,-3.223e-05
233,0.033,-3.212e-05
234,0.034,-3.201e-05
235,0.035,-3.189e-05
236,0.036,-3.178e-05
237,0.037,-3.165e-05
238,0.038,-3.153e-05
239,0.039,-3.14e-05
240,0.04,-3.128e-05
241,0.041,-3.116e-05
242,0.042,-3.104e-05
243,0.043,-3.093e-05
244,0.044,-3.083e-05
245,0.045,-3.072e-05
246,0.046,-3.061e-05
247,0.047,-3.048e-05
248,0.048,-3.034e-05
249,0.049,-3.019e-05
250,0.05,-3.004e-05
251,0.051,-2.989e-05
252,0.052,-2.974e-05
253,0.053,-2.961e-05
254,0.054,-2.947e-05
255,0.055,-2.933e-05
256,0.056,-2.919e-05
257,0.057,-2.904e-05
258,0.058,-2.888e-05
259,0.059,-2.874e-05
260,0.06,-2.86e-05
261,0.061,-2.846e-05
262,0.062,-2.833e-05
263,0.063,-2.818e-05
264,0.064,-2.802e-05
265,0.065,-2.785e-05
266,0.066,-2.768e-05
267,0.067,-2.75e-05
268,0.068,-2.733e-05
269,0.069,-2.716e-05
270,0.07,-2.699e-05
271,0.071,-2.682e-05
272,0.072,-2.664e-05
273,0.073,-2.646e-05
274,0.074,-2.629e-05
275,0.075,-2.612e-05
276,0.076,-2.596e-05
277,0.077,-2.579e-05
278,0.078,-2.56e-05
279,0.079,-2.539e-05
280,0.08,-2.518e-05
281,0.081,-2.496e-05
282,0.082,-2.475e-05
283,0.083,-2.453e-05
284,0.084,-2.432e-05
285,0.085,-2.41e-05
286,0.086,-2.389e-05
287,0.087,-2.368e-05
288,0.088,-2.346e-05
289,0.089,-2.324e-05
290,0.09,-2.3e-05
291,0.091,-2.274e-05
292,0.092,-2.249e-05
293,0.093,-2.223e-05
294,0.094,-2.197e-05
295,0.095,-2.171e-05
296,0.096,-2.146e-05
297,0.097,-2.121e-05
298,0.098,-2.096e-05
299,0.099,-2.07e-05
300,0.1,-2.041e-05
301,0.101,-2.01e-05
302,0.102,-1.979e-05
303,0.103,-1.949e-05
304,0.104,-1.918e-05
305,0.105,-1.888e-05
306,0.106,-1.857e-05
307,0.107,-1.825e-05
308,0.108,-1.793e-05
309,0.109,-1.758e-05
310,0.11,-1.724e-05
311,0.111,-1.689e-05
312,0.112,-1.653e-05
313,0.113,-1.617e-05
314,0.114,-1.58e-05
315,0.115,-1.541e-05
316,0.116,-1.501e-05
317,0.117,-1.46e-05
318,0.118,-1.42e-05
319,0.119,-1.379e-05
320,0.12,-1.337e-05
321,0.121,-1.294e-05
322,0.122,-1.251e-05
323,0.123,-1.206e-05
324,0.124,-1.161e-05
325,0.125,-1.115e-05
326,0.126,-1.067e-05
327,0.127,-1.018e-05
328,0.128,-9.676e-06
329,0.129,-9.169e-06
330,0.13,-8.653e-06
331,0.131,-8.13e-06
332,0.132,-7.598e-06
333,0.133,-7.057e-06
334,0.134,-6.509e-06
335,0.135,-5.949e-06
336,0.136,-5.373e-06
337,0.137,-4.786e-06
338,0.138,-4.188e-06
339,0.139,-3.581e-06
340,0.14,-2.97e-06
341,0.141,-2.352e-06
342,0.142,-1.719e-06
343,0.143,-1.071e-06
344,0.144,-4.06e-07
345,0.145,2.719e-07
346,0.146,9.513e-07
347,0.147,1.631e-06
348,0.148,2.318e-06
349,0.149,3.015e-06
350,0.15,3.73e-06
351,0.151,4.47e-06
352,0.152,5.226e-06
353,0.153,5.99e-06
354,0.154,6.767e-06
355,0.155,7.548e-06
356,0.156,8.338e-06
357,0.157,9.152e-06
358,0.158,9.976e-06
359,0.159,1.081e-05
360,0.16,1.165e-05
361,0.161,1.25e-05
362,0.162,1.337e-05
363,0.163,1.426e-05
364,0.164,1.516e-05
365,0.165,1.605e-05
366,0.166,1.695e-05
367,0.167,1.786e-05
368,0.168,1.879e-05
369,0.169,1.973e-05
370,0.17,2.068e-05
371,0.171,2.165e-05
372,0.172,2.262e-05
373,0.173,2.361e-05
374,0.174,2.462e-05
375,0.175,2.562e-05
376,0.176,2.663e-05
377,0.177,2.764e-05
378,0.178,2.866e-05
379,0.179,2.97e-05
380,0.18,3.075e-05
381,0.181,3.182e-05
382,0.182,3.289e-05
383,0.183,3.397e-05
384,0.184,3.505e-05
385,0.185,3.615e-05
386,0.186,3.724e-05
387,0.187,3.834e-05
388,0.188,3.944e-05
389,0.189,4.056e-05
390,0.19,4.168e-05
391,0.191,4.281e-05
392,0.192,4.396e-05
393,0.193,4.51e-05
394,0.194,4.625e-05
395,0.195,4.74e-05
396,0.196,4.856e-05
397,0.197,4.973e-05
398,0.198,5.091e-05
399,0.199,5.21e-05
400,0.2,5.329e-05
401,0.201,5.448e-05
402,0.202,5.568e-05
403,0.203,5.688e-05
404,0.204,5.81e-05
405,0.205,5.932e-05
406,0.206,6.053e-05
407,0.207,6.172e-05
408,0.208,6.29e-05
409,0.209,6.407e-05
410,0.21,6.522e-05
411,0.211,6.635e-05
412,0.212,6.745e-05
413,0.213,6.856e-05
414,0.214,6.969e-05
415,0.215,7.084e-05
416,0.216,7.2e-05
417,0.217,7.316e-05
418,0.218,7.431e-05
419,0.219,7.546e-05
420,0.22,7.66e-05
421,0.221,7.773e-05
422,0.222,7.884e-05
423,0.223,7.995e-05
424,0.224,8.106e-05
425,0.225,8.218e-05
426,0.226,8.329e-05
427,0.227,8.439e-05
428,0.228,8.548e-05
429,0.229,8.656e-05
430,0.23,8.763e-05
431,0.231,8.87e-05
432,0.232,8.976e-05
433,0.233,9.081e-05
434,0.234,9.184e-05
435,0.235,9.287e-05
436,0.236,9.389e-05
437,0.237,9.49e-05
438,0.238,9.59e-05
439,0.239,9.688e-05
440,0.24,9.784e-05
441,0.241,9.879e-05
442,0.242,9.972e-05
443,0.243,0.0001006
444,0.244,0.0001016
445,0.245,0.0001025
446,0.246,0.0001034
447,0.247,0.0001043
448,0.248,0.0001051
449,0.249,0.000106
450,0.25,0.0001068
451,0.251,0.0001076
452,0.252,0.0001084
453,0.253,0.0001092
454,0.254,0.00011
455,0.255,0.0001108
456,0.256,0.0001115
457,0.257,0.0001123
458,0.258,0.000113
459,0.259,0.0001137
460,0.26,0.0001144
461,0.261,0.000115
462,0.262,0.0001157
463,0.263,0.0001163
464,0.264,0.000117
465,0.265,0.0001176
466,0.266,0.0001182
467,0.267,0.0001187
468,0.268,0.0001193
469,0.269,0.0001198
470,0.27,0.0001203
471,0.271,0.0001208
472,0.272,0.0001213
473,0.273,0.0001218
474,0.274,0.0001222
475,0.275,0.0001227
476,0.276,0.0001231
477,0.277,0.0001235
478,0.278,0.0001239
479,0.279,0.0001243
480,0.28,0.0001246
481,0.281,0.0001249
482,0.282,0.0001253
483,0.283,0.0001256
484,0.284,0.0001259
485,0.285,0.0001262
486,0.286,0.0001264
487,0.287,0.0001267
488,0.288,0.0001269
489,0.289,0.0001271
490,0.29,0.0001273
491,0.291,0.0001275
492,0.292,0.0001277
493,0.293,0.0001278
494,0.294,0.0001279
495,0.295,0.0001281
496,0.296,0.0001282
497,0.297,0.0001283
498,0.298,0.0001284
499,0.299,0.0001285
500,0.3,0.0001286
501,0.301,0.0001286
502,0.302,0.0001286
503,0.303,0.0001287
504,0.304,0.0001287
505,0.305,0.0001286
506,0.306,0.0001286
507,0.307,0.0001286
508,0.308,0.0001285
509,0.309,0.0001285
510,0.31,0.0001284
511,0.311,0.0001283
512,0.312,0.0001283
513,0.313,0.0001282
514,0.314,0.0001281
515,0.315,0.0001279
516,0.316,0.0001278
517,0.317,0.0001277
518,0.318,0.0001276
519,0.319,0.0001274
520,0.32,0.0001273
521,0.321,0.0001271
522,0.322,0.0001269
523,0.323,0.0001268
524,0.324,0.0001266
525,0.325,0.0001264
526,0.326,0.0001262
527,0.327,0.000126
528,0.328,0.0001257
529,0.329,0.0001255
530,0.33,0.0001253
531,0.331,0.0001251
532,0.332,0.0001248
533,0.333,0.0001246
534,0.334,0.0001244
535,0.335,0.0001241
536,0.336,0.0001238
537,0.337,0.0001236
538,0.338,0.0001233
539,0.339,0.000123
540,0.34,0.0001228
541,0.341,0.0001225
542,0.342,0.0001222
543,0.343,0.0001219
544,0.344,0.0001216
545,0.345,0.0001213
546,0.346,0.000121
547,0.347,0.0001207
548,0.348,0.0001204
549,0.349,0.0001201
550,0.35,0.0001198
551,0.351,0.0001195
552,0.352,0.0001192
553,0.353,0.0001189
554,0.354,0.0001186
555,0.355,0.0001183
556,0.356,0.0001179
557,0.357,0.0001176
558,0.358,0.0001173
559,0.359,0.000117
560,0.36,0.0001167
561,0.361,0.0001163
562,0.362,0.000116
563,0.363,0.0001157
564,0.364,0.0001153
565,0.365,0.000115
566,0.366,0.0001147
567,0.367,0.0001144
568,0.368,0.000114
569,0.369,0.0001137
570,0.37,0.0001134
571,0.371,0.000113
572,0.372,0.0001127
573,0.373,0.0001124
574,0.374,0.0001121
575,0.375,0.0001117
576,0.376,0.0001114
577,0.377,0.000111
578,0.378,0.0001107
579,0.379,0.0001104
580,0.38,0.0001101
581,0.381,0.0001098
582,0.382,0.0001094
583,0.383,0.0001091
584,0.384,0.0001088
585,0.385,0.0001084
586,0.386,0.0001081
587,0.387,0.0001078
588,0.388,0.0001075
589,0.389,0.0001072
590,0.39,0.0001068
591,0.391,0.0001065
592,0.392,0.0001062
593,0.393,0.0001059
594,0.394,0.0001055
595,0.395,0.0001052
596,0.396,0.0001049
597,0.397,0.0001046
598,0.398,0.0001043
599,0.399,0.000104
600,0.4,0.0001037
601,0.401,0.0001033
602,0.402,0.000103
603,0.403,0.0001027
604,0.404,0.0001024
605,0.405,0.0001021
606,0.406,0.0001018
607,0.407,0.0001015
608,0.408,0.0001012
609,0.409,0.0001009
610,0.41,0.0001005
611,0.411,0.0001003
612,0.412,9.998e-05
613,0.413,9.97e-05
614,0.414,9.94e-05
615,0.415,9.911e-05
616,0.416,9.882e-05
617,0.417,9.854e-05
618,0.418,9.827e-05
619,0.419,9.799e-05
620,0.42,9.771e-05
621,0.421,9.743e-05
622,0.422,9.714e-05
623,0.423,9.684e-05
624,0.424,9.654e-05
625,0.425,9.625e-05
626,0.426,9.598e-05
627,0.427,9.572e-05
628,0.428,9.545e-05
629,0.429,9.519e-05
630,0.43,9.492e-05
631,0.431,9.464e-05
632,0.432,9.437e-05
633,0.433,9.409e-05
634,0.434,9.382e-05
635,0.435,9.356e-05
636,0.436,9.33e-05
637,0.437,9.304e-05
638,0.438,9.278e-05
639,0.439,9.252e-05
640,0.44,9.226e-05
641,0.441,9.199e-05
642,0.442,9.172e-05
643,0.443,9.146e-05
644,0.444,9.121e-05
645,0.445,9.098e-05
646,0.446,9.074e-05
647,0.447,9.05e-05
648,0.448,9.025e-05
649,0.449,9.001e-05
650,0.45,8.976e-05
651,0.451,8.952e-05
652,0.452,8.927e-05
653,0.453,8.902e-05
654,0.454,8.878e-05
655,0.455,8.855e-05
656,0.456,8.833e-05
657,0.457,8.81e-05
658,0.458,8.786e-05
659,0.459,8.763e-05
660,0.46,8.739e-05
661,0.461,8.716e-05
662,0.462,8.692e-05
663,0.463,8.668e-05
664,0.464,8.645e-05
665,0.465,8.624e-05
666,0.466,8.604e-05
667,0.467,8.583e-05
668,0.468,8.561e-05
669,0.469,8.539e-05
670,0.47,8.518e-05
671,0.471,8.496e-05
672,0.472,8.475e-05
673,0.473,8.454e-05
674,0.474,8.432e-05
675,0.475,8.41e-05
676,0.476,8.39e-05
677,0.477,8.37e-05
678,0.478,8.35e-05
679,0.479,8.33e-05
680,0.48,8.31e-05
681,0.481,8.289e-05
682,0.482,8.269e-05
683,0.483,8.25e-05
684,0.484,8.229e-05
685,0.485,8.208e-05
686,0.486,8.187e-05
687,0.487,8.166e-05
688,0.488,8.147e-05
689,0.489,8.128e-05
690,0.49,8.11e-05
691,0.491,8.092e-05
692,0.492,8.073e-05
693,0.493,8.053e-05
694,0.494,8.034e-05
695,0.495,8.015e-05
696,0.496,7.998e-05
697,0.497,7.98e-05
698,0.498,7.963e-05
699,0.499,7.945e-05
700,0.5,7.928e-05
701,0.501,7.911e-05
702,0.502,7.895e-05
703,0.503,7.879e-05
704,0.504,7.862e-05
705,0.505,7.844e-05
706,0.506,7.826e-05
707,0.507,7.808e-05
708,0.508,7.79e-05
709,0.509,7.773e-05
710,0.51,7.754e-05
711,0.511,7.735e-05
712,0.512,7.715e-05
713,0.513,7.696e-05
714,0.514,7.678e-05
715,0.515,7.662e-05
716,0.516,7.647e-05
717,0.517,7.633e-05
718,0.518,7.617e-05
719,0.519,7.601e-05
720,0.52,7.584e-05
721,0.521,7.566e-05
722,0.522,7.549e-05
723,0.523,7.533e-05
724,0.524,7.517e-05
725,0.525,7.5e-05
726,0.526,7.483e-05
727,0.527,7.466e-05
728,0.528,7.448e-05
729,0.529,7.431e-05
730,0.53,7.416e-05
731,0.531,7.401e-05
732,0.532,7.387e-05
733,0.533,7.372e-05
734,0.534,7.356e-05
735,0.535,7.34e-05
736,0.536,7.323e-05
737,0.537,7.307e-05
738,0.538,7.291e-05
739,0.539,7.275e-05
740,0.54,7.259e-05
741,0.541,7.243e-05
742,0.542,7.225e-05
743,0.543,7.207e-05
744,0.544,7.191e-05
745,0.545,7.177e-05
746,0.546,7.163e-05
747,0.547,7.15e-05
748,0.548,7.137e-05
749,0.549,7.122e-05
750,0.55,7.107e-05
751,0.551,7.091e-05
752,0.552,7.076e-05
753,0.553,7.062e-05
754,0.554,7.048e-05
755,0.555,7.034e-05
756,0.556,7.019e-05
757,0.557,7.004e-05
758,0.558,6.988e-05
759,0.559,6.971e-05
760,0.56,6.956e-05
761,0.561,6.941e-05
762,0.562,6.928e-05
763,0.563,6.915e-05
764,0.564,6.902e-05
765,0.565,6.889e-05
766,0.566,6.875e-05
767,0.567,6.86e-05
768,0.568,6.845e-05
769,0.569,6.831e-05
770,0.57,6.817e-05
771,0.571,6.804e-05
772,0.572,6.791e-05
773,0.573,6.777e-05
774,0.574,6.763e-05
775,0.575,6.749e-05
776,0.576,6.733e-05
777,0.577,6.717e-05
778,0.578,6.703e-05
779,0.579,6.69e-05
780,0.58,6.679e-05
781,0.581,6.669e-05
782,0.582,6.658e-05
783,0.583,6.646e-05
784,0.584,6.633e-05
785,0.585,6.62e-05
786,0.586,6.606e-05
787,0.587,6.592e-05
788,0.588,6.579e-05
789,0.589,6.566e-05
790,0.59,6.554e-05
791,0.591,6.542e-05
792,0.592,6.529e-05
793,0.593,6.517e-05
794,0.594,6.504e-05
795,0.595,6.491e-05
796,0.596,6.478e-05
797,0.597,6.466e-05
798,0.598,6.454e-05
799,0.599,6.442e-05
800,0.6,6.431e-05
801,0.601,6.421e-05
802,0.602,6.41e-05
803,0.603,6.399e-05
804,0.604,6.387e-05
805,0.605,6.375e-05
806,0.606,6.363e-05
807,0.607,6.351e-05
808,0.608,6.339e-05
809,0.609,6.328e-05
810,0.61,6.317e-05
811,0.611,6.306e-05
812,0.612,6.296e-05
813,0.613,6.286e-05
814,0.614,6.276e-05
815,0.615,6.265e-05
816,0.616,6.252e-05
817,0.617,6.239e-05
818,0.618,6.225e-05
819,0.619,6.214e-05
820,0.62,6.204e-05
821,0.621,6.195e-05
822,0.622,6.187e-05
823,0.623,6.178e-05
824,0.624,6.169e-05
825,0.625,6.16e-05
826,0.626,6.151e-05
827,0.627,6.141e-05
828,0.628,6.131e-05
829,0.629,6.12e-05
830,0.63,6.11e-05
831,0.631,6.1e-05
832,0.632,6.089e-05
833,0.633,6.08e-05
834,0.634,6.07e-05
835,0.635,6.061e-05
836,0.636,6.052e-05
837,0.637,6.042e-05
838,0.638,6.032e-05
839,0.639,6.022e-05
840,0.64,6.013e-05
841,0.641,6.002e-05
842,0.642,5.992e-05
843,0.643,5.982e-05
844,0.644,5.972e-05
845,0.645,5.963e-05
846,0.646,5.954e-05
847,0.647,5.946e-05
848,0.648,5.937e-05
849,0.649,5.929e-05
850,0.65,5.92e-05
851,0.651,5.911e-05
852,0.652,5.903e-05
853,0.653,5.894e-05
854,0.654,5.886e-05
855,0.655,5.877e-05
856,0.656,5.868e-05
857,0.657,5.859e-05
858,0.658,5.851e-05
859,0.659,5.843e-05
860,0.66,5.835e-05
861,0.661,5.827e-05
862,0.662,5.819e-05
863,0.663,5.811e-05
864,0.664,5.802e-05
865,0.665,5.793e-05
866,0.666,5.784e-05
867,0.667,5.774e-05
868,0.668,5.765e-05
869,0.669,5.755e-05
870,0.67,5.745e-05
871,0.671,5.736e-05
872,0.672,5.728e-05
873,0.673,5.719e-05
874,0.674,5.712e-05
875,0.675,5.705e-05
876,0.676,5.698e-05
877,0.677,5.692e-05
878,0.678,5.684e-05
879,0.679,5.677e-05
880,0.68,5.67e-05
881,0.681,5.662e-05
882,0.682,5.655e-05
883,0.683,5.647e-05
884,0.684,5.64e-05
885,0.685,5.632e-05
886,0.686,5.624e-05
887,0.687,5.617e-05
888,0.688,5.609e-05
889,0.689,5.602e-05
890,0.69,5.595e-05
891,0.691,5.587e-05
892,0.692,5.58e-05
893,0.693,5.573e-05
894,0.694,5.566e-05
895,0.695,5.558e-05
896,0.696,5.551e-05
897,0.697,5.544e-05
898,0.698,5.537e-05
899,0.699,5.53e-05
900,0.7,5.523e-05
901,0.701,5.515e-05
902,0.702,5.507e-05
903,0.703,5.499e-05
904,0.704,5.491e-05
905,0.705,5.484e-05
906,0.706,5.477e-05
907,0.707,5.47e-05
908,0.708,5.464e-05
909,0.709,5.458e-05
910,0.71,5.452e-05
911,0.711,5.446e-05
912,0.712,5.439e-05
913,0.713,5.433e-05
914,0.714,5.426e-05
915,0.715,5.42e-05
916,0.716,5.413e-05
917,0.717,5.406e-05
918,0.718,5.401e-05
919,0.719,5.395e-05
920,0.72,5.389e-05
921,0.721,5.383e-05
922,0.722,5.377e-05
923,0.723,5.37e-05
924,0.724,5.364e-05
925,0.725,5.358e-05
926,0.726,5.352e-05
927,0.727,5.347e-05
928,0.728,5.342e-05
929,0.729,5.336e-05
930,0.73,5.33e-05
931,0.731,5.324e-05
932,0.732,5.319e-05
933,0.733,5.313e-05
934,0.734,5.307e-05
935,0.735,5.301e-05
936,0.736,5.295e-05
937,0.737,5.289e-05
938,0.738,5.282e-05
939,0.739,5.275e-05
940,0.74,5.269e-05
941,0.741,5.262e-05
942,0.742,5.255e-05
943,0.743,5.249e-05
944,0.744,5.243e-05
945,0.745,5.237e-05
946,0.746,5.232e-05
947,0.747,5.227e-05
948,0.748,5.222e-05
949,0.749,5.218e-05
950,0.75,5.213e-05
951,0.751,5.209e-05
952,0.752,5.204e-05
953,0.753,5.199e-05
954,0.754,5.195e-05
955,0.755,5.19e-05
956,0.756,5.185e-05
957,0.757,5.18e-05
958,0.758,5.175e-05
959,0.759,5.17e-05
960,0.76,5.165e-05
961,0.761,5.161e-05
962,0.762,5.156e-05
963,0.763,5.151e-05
964,0.764,5.146e-05
965,0.765,5.141e-05
966,0.766,5.136e-05
967,0.767,5.131e-05
968,0.768,5.126e-05
969,0.769,5.122e-05
970,0.77,5.117e-05
971,0.771,5.112e-05
972,0.772,5.108e-05
973,0.773,5.104e-05
974,0.774,5.1e-05
975,0.775,5.095e-05
976,0.776,5.091e-05
977,0.777,5.087e-05
978,0.778,5.082e-05
979,0.779,5.078e-05
980,0.78,5.074e-05
981,0.781,5.069e-05
982,0.782,5.064e-05
983,0.783,5.06e-05
984,0.784,5.056e-05
985,0.785,5.052e-05
986,0.786,5.047e-05
987,0.787,5.043e-05
988,0.788,5.039e-05
989,0.789,5.034e-05
990,0.79,5.029e-05
991,0.791,5.024e-05
992,0.792,5.019e-05
993,0.793,5.015e-05
994,0.794,5.011e-05
995,0.795,5.006e-05
996,0.796,5.002e-05
997,0.797,4.998e-05
998,0.798,4.994e-05
999,0.799,4.99e-05
1000,0.8,4.873e-05
1001,0.799,4.758e-05
1002,0.798,4.667e-05
1003,0.797,4.6e-05
1004,0.796,4.566e-05
1005,0.795,4.546e-05
1006,0.794,4.53e-05
1007,0.793,4.511e-05
1008,0.792,4.494e-05
1009,0.791,4.479e-05
1010,0.79,4.466e-05
1011,0.789,4.452e-05
1012,0.788,4.44e-05
1013,0.787,4.427e-05
1014,0.786,4.414e-05
1015,0.785,4.402e-05
1016,0.784,4.39e-05
1017,0.783,4.379e-05
1018,0.782,4.369e-05
1019,0.781,4.359e-05
1020,0.78,4.349e-05
1021,0.779,4.339e-05
1022,0.778,4.329e-05
1023,0.777,4.319e-05
1024,0.776,4.308e-05
1025,0.775,4.298e-05
1026,0.774,4.287e-05
1027,0.773,4.277e-05
1028,0.772,4.267e-05
1029,0.771,4.259e-05
1030,0.77,4.251e-05
1031,0.769,4.243e-05
1032,0.768,4.236e-05
1033,0.767,4.229e-05
1034,0.766,4.223e-05
1035,0.765,4.216e-05
1036,0.764,4.209e-05
1037,0.763,4.201e-05
1038,0.762,4.193e-05
1039,0.761,4.186e-05
1040,0.76,4.179e-05
1041,0.759,4.172e-05
1042,0.758,4.166e-05
1043,0.757,4.159e-05
1044,0.756,4.153e-05
1045,0.755,4.146e-05
1046,0.754,4.14e-05
1047,0.753,4.134e-05
1048,0.752,4.128e-05
1049,0.751,4.121e-05
1050,0.75,4.115e-05
1051,0.749,4.109e-05
1052,0.748,4.103e-05
1053,0.747,4.098e-05
1054,0.746,4.092e-05
1055,0.745,4.087e-05
1056,0.744,4.081e-05
1057,0.743,4.076e-05
1058,0.742,4.069e-05
1059,0.741,4.063e-05
1060,0.74,4.056e-05
1061,0.739,4.049e-05
1062,0.738,4.041e-05
1063,0.737,4.034e-05
1064,0.736,4.027e-05
1065,0.735,4.021e-05
1066,0.734,4.015e-05
1067,0.733,4.01e-05
1068,0.732,4.004e-05
1069,0.731,3.999e-05
1070,0.73,3.994e-05
1071,0.729,3.988e-05
1072,0.728,3.983e-05
1073,0.727,3.977e-05
1074,0.726,3.972e-05
1075,0.725,3.966e-05
1076,0.724,3.961e-05
1077,0.723,3.956e-05
1078,0.722,3.95e-05
1079,0.721,3.944e-05
1080,0.72,3.938e-05
1081,0.719,3.933e-05
1082,0.718,3.927e-05
1083,0.717,3.922e-05
1084,0.716,3.917e-05
1085,0.715,3.911e-05
1086,0.714,3.905e-05
1087,0.713,3.899e-05
1088,0.712,3.893e-05
1089,0.711,3.888e-05
1090,0.71,3.883e-05
1091,0.709,3.878e-05
1092,0.708,3.873e-05
1093,0.707,3.868e-05
1094,0.706,3.863e-05
1095,0.705,3.858e-05
1096,0.704,3.853e-05
1097,0.703,3.847e-05
1098,0.702,3.842e-05
1099,0.701,3.837e-05
1100,0.7,3.832e-05
1101,0.699,3.826e-05
1102,0.698,3.821e-05
1103,0.697,3.815e-05
1104,0.696,3.809e-05
1105,0.695,3.803e-05
1106,0.694,3.798e-05
1107,0.693,3.793e-05
1108,0.692,3.788e-05
1109,0.691,3.783e-05
1110,0.69,3.778e-05
1111,0.689,3.773e-05
1112,0.688,3.768e-05
1113,0.687,3.764e-05
1114,0.686,3.76e-05
1115,0.685,3.756e-05
1116,0.684,3.752e-05
1117,0.683,3.748e-05
1118,0.682,3.744e-05
1119,0.681,3.74e-05
1120,0.68,3.736e-05
1121,0.679,3.732e-05
1122,0.678,3.728e-05
1123,0.677,3.723e-05
1124,0.676,3.718e-05
1125,0.675,3.714e-05
1126,0.674,3.709e-05
1127,0.673,3.705e-05
1128,0.672,3.7e-05
1129,0.671,3.695e-05
1130,0.67,3.691e-05
1131,0.669,3.686e-05
1132,0.668,3.681e-05
1133,0.667,3.676e-05
1134,0.666,3.672e-05
1135,0.665,3.668e-05
1136,0.664,3.664e-05
1137,0.663,3.66e-05
1138,0.662,3.656e-05
1139,0.661,3.651e-05
1140,0.66,3.647e-05
1141,0.659,3.642e-05
1142,0.658,3.638e-05
1143,0.657,3.634e-05
1144,0.656,3.63e-05
1145,0.655,3.625e-05
1146,0.654,3.621e-05
1147,0.653,3.617e-05
1148,0.652,3.612e-05
1149,0.651,3.608e-05
1150,0.65,3.604e-05
1151,0.649,3.6e-05
1152,0.648,3.596e-05
1153,0.647,3.592e-05
1154,0.646,3.588e-05
1155,0.645,3.583e-05
1156,0.644,3.578e-05
1157,0.643,3.574e-05
1158,0.642,3.569e-05
1159,0.641,3.564e-05
1160,0.64,3.559e-05
1161,0.639,3.555e-05
1162,0.638,3.55e-05
1163,0.637,3.545e-05
1164,0.636,3.54e-05
1165,0.635,3.535e-05
1166,0.634,3.531e-05
1167,0.633,3.527e-05
1168,0.632,3.523e-05
1169,0.631,3.519e-05
1170,0.63,3.515e-05
1171,0.629,3.512e-05
1172,0.628,3.508e-05
1173,0.627,3.506e-05
1174,0.626,3.503e-05
1175,0.625,3.499e-05
1176,0.624,3.496e-05
1177,0.623,3.492e-05
1178,0.622,3.488e-05
1179,0.621,3.484e-05
1180,0.62,3.48e-05
1181,0.619,3.476e-05
1182,0.618,3.472e-05
1183,0.617,3.468e-05
1184,0.616,3.464e-05
1185,0.615,3.459e-05
1186,0.614,3.454e-05
1187,0.613,3.451e-05
1188,0.612,3.447e-05
1189,0.611,3.444e-05
1190,0.61,3.441e-05
1191,0.609,3.437e-05
1192,0.608,3.434e-05
1193,0.607,3.43e-05
1194,0.606,3.427e-05
1195,0.605,3.423e-05
1196,0.604,3.42e-05
1197,0.603,3.416e-05
1198,0.602,3.412e-05
1199,0.601,3.408e-05
1200,0.6,3.404e-05
1201,0.599,3.401e-05
1202,0.598,3.398e-05
1203,0.597,3.394e-05
1204,0.596,3.391e-05
1205,0.595,3.387e-05
1206,0.594,3.384e-05
1207,0.593,3.38e-05
1208,0.592,3.377e-05
1209,0.591,3.374e-05
1210,0.59,3.37e-05
1211,0.589,3.367e-05
1212,0.588,3.363e-05
1213,0.587,3.36e-05
1214,0.586,3.356e-05
1215,0.585,3.352e-05
1216,0.584,3.348e-05
1217,0.583,3.344e-05
1218,0.582,3.34e-05
1219,0.581,3.336e-05
1220,0.58,3.332e-05
1221,0.579,3.328e-05
1222,0.578,3.324e-05
1223,0.577,3.32e-05
1224,0.576,3.316e-05
1225,0.575,3.312e-05
1226,0.574,3.308e-05
1227,0.573,3.303e-05
1228,0.572,3.299e-05
1229,0.571,3.294e-05
1230,0.57,3.291e-05
1231,0.569,3.287e-05
1232,0.568,3.283e-05
1233,0.567,3.28e-05
1234,0.566,3.277e-05
1235,0.565,3.273e-05
1236,0.564,3.27e-05
1237,0.563,3.267e-05
1238,0.562,3.264e-05
1239,0.561,3.261e-05
1240,0.56,3.258e-05
1241,0.559,3.255e-05
1242,0.558,3.251e-05
1243,0.557,3.248e-05
1244,0.556,3.244e-05
1245,0.555,3.241e-05
1246,0.554,3.238e-05
1247,0.553,3.234e-05
1248,0.552,3.23e-05
1249,0.551,3.226e-05
1250,0.55,3.222e-05
1251,0.549,3.219e-05
1252,0.548,3.215e-05
1253,0.547,3.211e-05
1254,0.546,3.206e-05
1255,0.545,3.202e-05
1256,0.544,3.199e-05
1257,0.543,3.195e-05
1258,0.542,3.191e-05
1259,0.541,3.187e-05
1260,0.54,3.183e-05
1261,0.539,3.179e-05
1262,0.538,3.177e-05
1263,0.537,3.174e-05
1264,0.536,3.172e-05
1265,0.535,3.169e-05
1266,0.534,3.165e-05
1267,0.533,3.161e-05
1268,0.532,3.157e-05
1269,0.531,3.153e-05
1270,0.53,3.149e-05
1271,0.529,3.144e-05
1272,0.528,3.14e-05
1273,0.527,3.136e-05
1274,0.526,3.133e-05
1275,0.525,3.129e-05
1276,0.524,3.124e-05
1277,0.523,3.12e-05
1278,0.522,3.116e-05
1279,0.521,3.112e-05
1280,0.52,3.108e-05
1281,0.519,3.104e-05
1282,0.518,3.099e-05
1283,0.517,3.095e-05
1284,0.516,3.091e-05
1285,0.515,3.087e-05
1286,0.514,3.082e-05
1287,0.513,3.078e-05
1288,0.512,3.074e-05
1289,0.511,3.069e-05
1290,0.51,3.064e-05
1291,0.509,3.059e-05
1292,0.508,3.054e-05
1293,0.507,3.049e-05
1294,0.506,3.044e-05
1295,0.505,3.04e-05
1296,0.504,3.037e-05
1297,0.503,3.033e-05
1298,0.502,3.03e-05
1299,0.501,3.026e-05
1300,0.5,3.022e-05
1301,0.499,3.018e-05
1302,0.498,3.014e-05
1303,0.497,3.01e-05
1304,0.496,3.006e-05
1305,0.495,3.002e-05
1306,0.494,2.998e-05
1307,0.493,2.994e-05
1308,0.492,2.989e-05
1309,0.491,2.985e-05
1310,0.49,2.981e-05
1311,0.489,2.977e-05
1312,0.488,2.972e-05
1313,0.487,2.968e-05
1314,0.486,2.963e-05
1315,0.485,2.959e-05
1316,0.484,2.954e-05
1317,0.483,2.95e-05
1318,0.482,2.946e-05
1319,0.481,2.941e-05
1320,0.48,2.936e-05
1321,0.479,2.932e-05
1322,0.478,2.927e-05
1323,0.477,2.923e-05
1324,0.476,2.918e-05
1325,0.475,2.914e-05
1326,0.474,2.91e-05
1327,0.473,2.906e-05
1328,0.472,2.901e-05
1329,0.471,2.896e-05
1330,0.47,2.891e-05
1331,0.469,2.887e-05
1332,0.468,2.882e-05
1333,0.467,2.878e-05
1334,0.466,2.874e-05
1335,0.465,2.87e-05
1336,0.464,2.865e-05
1337,0.463,2.861e-05
1338,0.462,2.856e-05
1339,0.461,2.851e-05
1340,0.46,2.845e-05
1341,0.459,2.839e-05
1342,0.458,2.834e-05
1343,0.457,2.828e-05
1344,0.456,2.823e-05
1345,0.455,2.818e-05
1346,0.454,2.813e-05
1347,0.453,2.807e-05
1348,0.452,2.8e-05
1349,0.451,2.794e-05
1350,0.45,2.788e-05
1351,0.449,2.783e-05
1352,0.448,2.779e-05
1353,0.447,2.774e-05
1354,0.446,2.769e-05
1355,0.445,2.763e-05
1356,0.444,2.756e-05
1357,0.443,2.748e-05
1358,0.442,2.74e-05
1359,0.441,2.732e-05
1360,0.44,2.725e-05
1361,0.439,2.72e-05
1362,0.438,2.715e-05
1363,0.437,2.709e-05
1364,0.436,2.704e-05
1365,0.435,2.698e-05
1366,0.434,2.693e-05
1367,0.433,2.687e-05
1368,0.432,2.681e-05
1369,0.431,2.675e-05
1370,0.43,2.669e-05
1371,0.429,2.664e-05
1372,0.428,2.659e-05
1373,0.427,2.654e-05
1374,0.426,2.648e-05
1375,0.425,2.643e-05
1376,0.424,2.637e-05
1377,0.423,2.632e-05
1378,0.422,2.626e-05
1379,0.421,2.62e-05
1380,0.42,2.614e-05
1381,0.419,2.609e-05
1382,0.418,2.603e-05
1383,0.417,2.596e-05
1384,0.416,2.59e-05
1385,0.415,2.583e-05
1386,0.414,2.577e-05
1387,0.413,2.57e-05
1388,0.412,2.565e-05
1389,0.411,2.559e-05
1390,0.41,2.555e-05
1391,0.409,2.549e-05
1392,0.408,2.544e-05
1393,0.407,2.538e-05
1394,0.406,2.532e-05
1395,0.405,2.526e-05
1396,0.404,2.52e-05
1397,0.403,2.514e-05
1398,0.402,2.508e-05
1399,0.401,2.502e-05
1400,0.4,2.496e-05
1401,0.399,2.49e-05
1402,0.398,2.484e-05
1403,0.397,2.477e-05
1404,0.396,2.471e-05
1405,0.395,2.464e-05
1406,0.394,2.457e-05
1407,0.393,2.451e-05
1408,0.392,2.444e-05
1409,0.391,2.437e-05
1410,0.39,2.43e-05
1411,0.389,2.424e-05
1412,0.388,2.418e-05
1413,0.387,2.412e-05
1414,0.386,2.406e-05
1415,0.385,2.399e-05
1416,0.384,2.392e-05
1417,0.383,2.385e-05
1418,0.382,2.378e-05
1419,0.381,2.37e-05
1420,0.38,2.362e-05
1421,0.379,2.354e-05
1422,0.378,2.346e-05
1423,0.377,2.338e-05
1424,0.376,2.33e-05
1425,0.375,2.322e-05
1426,0.374,2.314e-05
1427,0.373,2.307e-05
1428,0.372,2.3e-05
1429,0.371,2.294e-05
1430,0.37,2.288e-05
1431,0.369,2.281e-05
1432,0.368,2.275e-05
1433,0.367,2.267e-05
1434,0.366,2.259e-05
1435,0.365,2.251e-05
1436,0.364,2.243e-05
1437,0.363,2.235e-05
1438,0.362,2.226e-05
1439,0.361,2.218e-05
1440,0.36,2.209e-05
1441,0.359,2.2e-05
1442,0.358,2.191e-05
1443,0.357,2.182e-05
1444,0.356,2.173e-05
1445,0.355,2.165e-05
1446,0.354,2.156e-05
1447,0.353,2.146e-05
1448,0.352,2.136e-05
1449,0.351,2.127e-05
1450,0.35,2.116e-05
1451,0.349,2.106e-05
1452,0.348,2.095e-05
1453,0.347,2.085e-05
1454,0.346,2.074e-05
1455,0.345,2.063e-05
1456,0.344,2.053e-05
1457,0.343,2.043e-05
1458,0.342,2.033e-05
1459,0.341,2.022e-05
1460,0.34,2.011e-05
1461,0.339,1.999e-05
1462,0.338,1.988e-05
1463,0.337,1.976e-05
1464,0.336,1.964e-05
1465,0.335,1.951e-05
1466,0.334,1.938e-05
1467,0.333,1.925e-05
1468,0.332,1.912e-05
1469,0.331,1.898e-05
1470,0.33,1.883e-05
1471,0.329,1.866e-05
1472,0.328,1.849e-05
1473,0.327,1.832e-05
1474,0.326,1.816e-05
1475,0.325,1.8e-05
1476,0.324,1.785e-05
1477,0.323,1.771e-05
1478,0.322,1.755e-05
1479,0.321,1.74e-05
1480,0.32,1.724e-05
1481,0.319,1.709e-05
1482,0.318,1.692e-05
1483,0.317,1.675e-05
1484,0.316,1.656e-05
1485,0.315,1.636e-05
1486,0.314,1.615e-05
1487,0.313,1.593e-05
1488,0.312,1.572e-05
1489,0.311,1.552e-05
1490,0.31,1.533e-05
1491,0.309,1.513e-05
1492,0.308,1.492e-05
1493,0.307,1.471e-05
1494,0.306,1.447e-05
1495,0.305,1.422e-05
1496,0.304,1.395e-05
1497,0.303,1.367e-05
1498,0.302,1.34e-05
1499,0.301,1.314e-05
1500,0.3,1.29e-05
1501,0.299,1.265e-05
1502,0.298,1.239e-05
1503,0.297,1.212e-05
1504,0.296,1.183e-05
1505,0.295,1.152e-05
1506,0.294,1.121e-05
1507,0.293,1.089e-05
1508,0.292,1.057e-05
1509,0.291,1.026e-05
1510,0.29,9.943e-06
1511,0.289,9.606e-06
1512,0.288,9.25e-06
1513,0.287,8.878e-06
1514,0.286,8.503e-06
1515,0.285,8.139e-06
1516,0.284,7.778e-06
1517,0.283,7.406e-06
1518,0.282,7.018e-06
1519,0.281,6.61e-06
1520,0.28,6.189e-06
1521,0.279,5.769e-06
1522,0.278,5.345e-06
1523,0.277,4.905e-06
1524,0.276,4.453e-06
1525,0.275,3.99e-06
1526,0.274,3.526e-06
1527,0.273,3.066e-06
1528,0.272,2.601e-06
1529,0.271,2.123e-06
1530,0.27,1.632e-06
1531,0.269,1.126e-06
1532,0.268,6.061e-07
1533,0.267,6.882e-08
1534,0.266,-4.858e-07
1535,0.265,-1.055e-06
1536,0.264,-1.631e-06
1537,0.263,-2.214e-06
1538,0.262,-2.804e-06
1539,0.261,-3.405e-06
1540,0.26,-4.019e-06
1541,0.259,-4.644e-06
1542,0.258,-5.28e-06
1543,0.257,-5.93e-06
1544,0.256,-6.588e-06
1545,0.255,-7.257e-06
1546,0.254,-7.939e-06
1547,0.253,-8.635e-06
1548,0.252,-9.345e-06
1549,0.251,-1.008e-05
1550,0.25,-1.082e-05
1551,0.249,-1.157e-05
1552,0.248,-1.233e-05
1553,0.247,-1.31e-05
1554,0.246,-1.388e-05
1555,0.245,-1.468e-05
1556,0.244,-1.549e-05
1557,0.243,-1.631e-05
1558,0.242,-1.714e-05
1559,0.241,-1.797e-05
1560,0.24,-1.882e-05
1561,0.239,-1.969e-05
1562,0.238,-2.057e-05
1563,0.237,-2.146e-05
1564,0.236,-2.237e-05
1565,0.235,-2.328e-05
1566,0.234,-2.421e-05
1567,0.233,-2.514e-05
1568,0.232,-2.609e-05
1569,0.231,-2.705e-05
1570,0.23,-2.803e-05
1571,0.229,-2.902e-05
1572,0.228,-3.002e-05
1573,0.227,-3.102e-05
1574,0.226,-3.204e-05
1575,0.225,-3.307e-05
1576,0.224,-3.411e-05
1577,0.223,-3.516e-05
1578,0.222,-3.621e-05
1579,0.221,-3.726e-05
1580,0.22,-3.831e-05
1581,0.219,-3.937e-05
1582,0.218,-4.044e-05
1583,0.217,-4.154e-05
1584,0.216,-4.265e-05
1585,0.215,-4.378e-05
1586,0.214,-4.492e-05
1587,0.213,-4.606e-05
1588,0.212,-4.72e-05
1589,0.211,-4.835e-05
1590,0.21,-4.95e-05
1591,0.209,-5.066e-05
1592,0.208,-5.182e-05
1593,0.207,-5.3e-05
1594,0.206,-5.42e-05
1595,0.205,-5.542e-05
1596,0.204,-5.665e-05
1597,0.203,-5.785e-05
1598,0.202,-5.904e-05
1599,0.201,-6.023e-05
1600,0.2,-6.142e-05
1601,0.199,-6.263e-05
1602,0.198,-6.384e-05
1603,0.197,-6.505e-05
1604,0.196,-6.626e-05
1605,0.195,-6.747e-05
1606,0.194,-6.868e-05
1607,0.193,-6.989e-05
1608,0.192,-7.11e-05
1609,0.191,-7.232e-05
1610,0.19,-7.353e-05
1611,0.189,-7.474e-05
1612,0.188,-7.593e-05
1613,0.187,-7.712e-05
1614,0.186,-7.83e-05
1615,0.185,-7.949e-05
1616,0.184,-8.068e-05
1617,0.183,-8.187e-05
1618,0.182,-8.305e-05
1619,0.181,-8.424e-05
1620,0.18,-8.541e-05
1621,0.179,-8.658e-05
1622,0.178,-8.774e-05
1623,0.177,-8.89e-05
1624,0.176,-9.005e-05
1625,0.175,-9.12e-05
1626,0.174,-9.234e-05
1627,0.173,-9.347e-05
1628,0.172,-9.458e-05
1629,0.171,-9.567e-05
1630,0.17,-9.675e-05
1631,0.169,-9.782e-05
1632,0.168,-9.889e-05
1633,0.167,-9.995e-05
1634,0.166,-0.000101
1635,0.165,-0.0001021
1636,0.164,-0.0001031
1637,0.163,-0.0001041
1638,0.162,-0.0001051
1639,0.161,-0.0001061
1640,0.16,-0.0001071
1641,0.159,-0.0001081
1642,0.158,-0.000109
1643,0.157,-0.0001099
1644,0.156,-0.0001109
1645,0.155,-0.0001118
1646,0.154,-0.0001127
1647,0.153,-0.0001135
1648,0.152,-0.0001144
1649,0.151,-0.0001152
1650,0.15,-0.000116
1651,0.149,-0.0001168
1652,0.148,-0.0001176
1653,0.147,-0.0001184
1654,0.146,-0.0001192
1655,0.145,-0.0001199
1656,0.144,-0.0001206
1657,0.143,-0.0001213
1658,0.142,-0.000122
1659,0.141,-0.0001227
1660,0.14,-0.0001233
1661,0.139,-0.0001239
1662,0.138,-0.0001245
1663,0.137,-0.0001251
1664,0.136,-0.0001256
1665,0.135,-0.0001262
1666,0.134,-0.0001267
1667,0.133,-0.0001272
1668,0.132,-0.0001278
1669,0.131,-0.0001282
1670,0.13,-0.0001287
1671,0.129,-0.0001291
1672,0.128,-0.0001295
1673,0.127,-0.0001298
1674,0.126,-0.0001302
1675,0.125,-0.0001306
1676,0.124,-0.0001309
1677,0.123,-0.0001312
1678,0.122,-0.0001315
1679,0.121,-0.0001318
1680,0.12,-0.000132
1681,0.119,-0.0001323
1682,0.118,-0.0001325
1683,0.117,-0.0001328
1684,0.116,-0.000133
1685,0.115,-0.0001331
1686,0.114,-0.0001333
1687,0.113,-0.0001334
1688,0.112,-0.0001335
1689,0.111,-0.0001336
1690,0.11,-0.0001337
1691,0.109,-0.0001337
1692,0.108,-0.0001338
1693,0.107,-0.0001338
1694,0.106,-0.0001338
1695,0.105,-0.0001338
1696,0.104,-0.0001338
1697,0.103,-0.0001338
1698,0.102,-0.0001337
1699,0.101,-0.0001337
1700,0.1,-0.0001336
1701,0.099,-0.0001335
1702,0.098,-0.0001334
1703,0.097,-0.0001334
1704,0.096,-0.0001333
1705,0.095,-0.0001332
1706,0.094,-0.000133
1707,0.093,-0.0001329
1708,0.092,-0.0001327
1709,0.091,-0.0001325
1710,0.09,-0.0001323
1711,0.089,-0.0001321
1712,0.088,-0.0001319
1713,0.087,-0.0001317
1714,0.086,-0.0001315
1715,0.085,-0.0001313
1716,0.084,-0.000131
1717,0.083,-0.0001308
1718,0.082,-0.0001306
1719,0.081,-0.0001303
1720,0.08,-0.00013
1721,0.079,-0.0001298
1722,0.078,-0.0001295
1723,0.077,-0.0001292
1724,0.076,-0.0001289
1725,0.075,-0.0001287
1726,0.074,-0.0001284
1727,0.073,-0.0001281
1728,0.072,-0.0001278
1729,0.071,-0.0001274
1730,0.07,-0.0001271
1731,0.069,-0.0001268
1732,0.068,-0.0001265
1733,0.067,-0.0001261
1734,0.066,-0.0001258
1735,0.065,-0.0001255
1736,0.064,-0.0001251
1737,0.063,-0.0001248
1738,0.062,-0.0001244
1739,0.061,-0.0001241
1740,0.06,-0.0001238
1741,0.059,-0.0001234
1742,0.058,-0.0001231
1743,0.057,-0.0001227
1744,0.056,-0.0001224
1745,0.055,-0.000122
1746,0.054,-0.0001217
1747,0.053,-0.0001213
1748,0.052,-0.000121
1749,0.051,-0.0001206
1750,0.05,-0.0001202
1751,0.049,-0.0001199
1752,0.048,-0.0001195
1753,0.047,-0.0001192
1754,0.046,-0.0001188
1755,0.045,-0.0001185
1756,0.044,-0.0001181
1757,0.043,-0.0001177
1758,0.042,-0.0001174
1759,0.041,-0.000117
1760,0.04,-0.0001166
1761,0.039,-0.0001163
1762,0.038,-0.0001159
1763,0.037,-0.0001156
1764,0.036,-0.0001152
1765,0.035,-0.0001149
1766,0.034,-0.0001145
1767,0.033,-0.0001142
1768,0.032,-0.0001138
1769,0.031,-0.0001135
1770,0.03,-0.0001132
1771,0.029,-0.0001128
1772,0.028,-0.0001125
1773,0.027,-0.0001121
1774,0.026,-0.0001118
1775,0.025,-0.0001114
1776,0.024,-0.0001111
1777,0.023,-0.0001107
1778,0.022,-0.0001104
1779,0.021,-0.0001101
1780,0.02,-0.0001097
1781,0.019,-0.0001094
1782,0.018,-0.0001091
1783,0.017,-0.0001088
1784,0.016,-0.0001084
1785,0.015,-0.0001081
1786,0.014,-0.0001078
1787,0.013,-0.0001074
1788,0.012,-0.0001071
1789,0.011,-0.0001068
1790,0.01,-0.0001065
1791,0.009,-0.0001062
1792,0.008,-0.0001058
1793,0.007,-0.0001055
1794,0.006,-0.0001052
1795,0.005,-0.0001049
1796,0.004,-0.0001046
1797,0.003,-0.0001043
1798,0.002,-0.000104
1799,0.001,-0.0001037
1800,0.0,-0.0001034
1801,-0.001,-0.0001031
1802,-0.002,-0.0001028
1803,-0.003,-0.0001025
1804,-0.004,-0.0001022
1805,-0.005,-0.0001019
1806,-0.006,-0.0001016
1807,-0.007,-0.0001013
1808,-0.008,-0.000101
1809,-0.009,-0.0001007
1810,-0.01,-0.0001004
1811,-0.011,-0.0001002
1812,-0.012,-9.987e-05
1813,-0.013,-9.959e-05
1814,-0.014,-9.932e-05
1815,-0.015,-9.906e-05
1816,-0.016,-9.88e-05
1817,-0.017,-9.853e-05
1818,-0.018,-9.825e-05
1819,-0.019,-9.797e-05
1820,-0.02,-9.77e-05
1821,-0.021,-9.743e-05
1822,-0.022,-9.716e-05
1823,-0.023,-9.691e-05
1824,-0.024,-9.666e-05
1825,-0.025,-9.641e-05
1826,-0.026,-9.616e-05
1827,-0.027,-9.591e-05
1828,-0.028,-9.565e-05
1829,-0.029,-9.539e-05
1830,-0.03,-9.514e-05
1831,-0.031,-9.489e-05
1832,-0.032,-9.465e-05
1833,-0.033,-9.441e-05
1834,-0.034,-9.417e-05
1835,-0.035,-9.393e-05
1836,-0.036,-9.367e-05
1837,-0.037,-9.342e-05
1838,-0.038,-9.316e-05
1839,-0.039,-9.292e-05
1840,-0.04,-9.268e-05
1841,-0.041,-9.245e-05
1842,-0.042,-9.221e-05
1843,-0.043,-9.198e-05
1844,-0.044,-9.176e-05
1845,-0.045,-9.153e-05
1846,-0.046,-9.129e-05
1847,-0.047,-9.105e-05
1848,-0.048,-9.082e-05
1849,-0.049,-9.059e-05
1850,-0.05,-9.037e-05
1851,-0.051,-9.016e-05
1852,-0.052,-8.993e-05
1853,-0.053,-8.971e-05
1854,-0.054,-8.95e-05
1855,-0.055,-8.93e-05
1856,-0.056,-8.91e-05
1857,-0.057,-8.888e-05
1858,-0.058,-8.865e-05
1859,-0.059,-8.843e-05
1860,-0.06,-8.821e-05
1861,-0.061,-8.8e-05
1862,-0.062,-8.779e-05
1863,-0.063,-8.759e-05
1864,-0.064,-8.738e-05
1865,-0.065,-8.717e-05
1866,-0.066,-8.698e-05
1867,-0.067,-8.678e-05
1868,-0.068,-8.658e-05
1869,-0.069,-8.637e-05
1870,-0.07,-8.615e-05
1871,-0.071,-8.594e-05
1872,-0.072,-8.575e-05
1873,-0.073,-8.556e-05
1874,-0.074,-8.537e-05
1875,-0.075,-8.518e-05
1876,-0.076,-8.498e-05
1877,-0.077,-8.479e-05
1878,-0.078,-8.461e-05
1879,-0.079,-8.443e-05
1880,-0.08,-8.426e-05
1881,-0.081,-8.407e-05
1882,-0.082,-8.387e-05
1883,-0.083,-8.366e-05
1884,-0.084,-8.346e-05
1885,-0.085,-8.327e-05
1886,-0.086,-8.31e-05
1887,-0.087,-8.292e-05
1888,-0.088,-8.275e-05
1889,-0.089,-8.256e-05
1890,-0.09,-8.238e-05
1891,-0.091,-8.22e-05
1892,-0.092,-8.203e-05
1893,-0.093,-8.187e-05
1894,-0.094,-8.169e-05
1895,-0.095,-8.151e-05
1896,-0.096,-8.132e-05
1897,-0.097,-8.114e-05
1898,-0.098,-8.097e-05
1899,-0.099,-8.08e-05
1900,-0.1,-8.064e-05
1901,-0.101,-8.047e-05
1902,-0.102,-8.03e-05
1903,-0.103,-8.012e-05
1904,-0.104,-7.996e-05
1905,-0.105,-7.98e-05
1906,-0.106,-7.965e-05
1907,-0.107,-7.951e-05
1908,-0.108,-7.937e-05
1909,-0.109,-7.921e-05
1910,-0.11,-7.904e-05
1911,-0.111,-7.886e-05
1912,-0.112,-7.868e-05
1913,-0.113,-7.852e-05
1914,-0.114,-7.836e-05
1915,-0.115,-7.821e-05
1916,-0.116,-7.806e-05
1917,-0.117,-7.791e-05
1918,-0.118,-7.776e-05
1919,-0.119,-7.761e-05
1920,-0.12,-7.746e-05
1921,-0.121,-7.731e-05
1922,-0.122,-7.717e-05
1923,-0.123,-7.704e-05
1924,-0.124,-7.69e-05
1925,-0.125,-7.675e-05
1926,-0.126,-7.66e-05
1927,-0.127,-7.645e-05
1928,-0.128,-7.629e-05
1929,-0.129,-7.615e-05
1930,-0.13,-7.601e-05
1931,-0.131,-7.587e-05
1932,-0.132,-7.573e-05
1933,-0.133,-7.559e-05
1934,-0.134,-7.544e-05
1935,-0.135,-7.529e-05
1936,-0.136,-7.515e-05
1937,-0.137,-7.501e-05
1938,-0.138,-7.488e-05
1939,-0.139,-7.476e-05
1940,-0.14,-7.465e-05
1941,-0.141,-7.452e-05
1942,-0.142,-7.439e-05
1943,-0.143,-7.424e-05
1944,-0.144,-7.409e-05
1945,-0.145,-7.394e-05
1946,-0.146,-7.379e-05
1947,-0.147,-7.366e-05
1948,-0.148,-7.353e-05
1949,-0.149,-7.34e-05
1950,-0.15,-7.327e-05
1951,-0.151,-7.314e-05
1952,-0.152,-7.3e-05
1953,-0.153,-7.287e-05
1954,-0.154,-7.274e-05
1955,-0.155,-7.262e-05
1956,-0.156,-7.25e-05
1957,-0.157,-7.238e-05
1958,-0.158,-7.227e-05
1959,-0.159,-7.216e-05
1960,-0.16,-7.204e-05
1961,-0.161,-7.192e-05
1962,-0.162,-7.179e-05
1963,-0.163,-7.165e-05
1964,-0.164,-7.152e-05
1965,-0.165,-7.139e-05
1966,-0.166,-7.127e-05
1967,-0.167,-7.115e-05
1968,-0.168,-7.103e-05
1969,-0.169,-7.092e-05
1970,-0.17,-7.081e-05
1971,-0.171,-7.069e-05
1972,-0.172,-7.057e-05
1973,-0.173,-7.045e-05
1974,-0.174,-7.034e-05
1975,-0.175,-7.022e-05
1976,-0.176,-7.011e-05
1977,-0.177,-7.001e-05
1978,-0.178,-6.991e-05
1979,-0.179,-6.982e-05
1980,-0.18,-6.973e-05
1981,-0.181,-6.964e-05
1982,-0.182,-6.954e-05
1983,-0.183,-6.943e-05
1984,-0.184,-6.931e-05
1985,-0.185,-6.919e-05
1986,-0.186,-6.906e-05
1987,-0.187,-6.894e-05
1988,-0.188,-6.883e-05
1989,-0.189,-6.873e-05
1990,-0.19,-6.863e-05
1991,-0.191,-6.853e-05
1992,-0.192,-6.843e-05
1993,-0.193,-6.833e-05
1994,-0.194,-6.823e-05
1995,-0.195,-6.812e-05
1996,-0.196,-6.802e-05
1997,-0.197,-6.792e-05
1998,-0.198,-6.781e-05
1999,-0.199,-6.771e-05
